ΣΥΝΤΑΓΗ,ΚΟΣΤΟΣ ΠΡΟΙΟΝΤΟΣ,ΠΡΟΤΕΙΝΟΜΕΝΗ ΤΙΜΗ ΠΩΛΗΣΗΣ,Γενικές Εκπτώσεις,ΑΝΤΙΠΡΟΣΩΠΟΙ,Eshop B2C,Gprofit value Representatives,Gprofit % Representatives,Unnamed: 8,Unnamed: 9,Unnamed: 10,Unnamed: 11,Unnamed: 12,Unnamed: 13,Unnamed: 14,mark up % profit representatives,0.35
AEGEAN KINGS HIGH,2.1804285714285716,3.9825,3.9825,2.95,5.95,1.0324999999999998,0.2592592592592592,3.1,0.8824999999999998,,,,,,Γενικές Εκπτώσεις,0.0
AEGEAN KINGS MEDIUM,1.640685714285714,3.3884999999999996,3.3884999999999996,2.51,4.95,0.8784999999999998,0.25925925925925924,2.7,0.6884999999999994,,,,,,Plan B Rep,0.4
ALL INC AEGEAN KINGS MEDIUM,1.2494285714285713,2.8484999999999996,2.8484999999999996,2.11,,0.7384999999999997,0.2592592592592592,2.75,0.09849999999999959,,,,,,,
ALL INC DAIQUIRI MANGO LOW,1.234898947368421,3.024,3.024,2.24,,0.7839999999999998,0.2592592592592592,2.8,0.2240000000000002,,,,,,,
ALL INC DAIQUIRI PASSION FRUIT LOW,1.234898947368421,3.024,3.024,2.24,,0.7839999999999998,0.2592592592592592,3.0,0.02400000000000002,,,,1.0,,,
ALL INC DAQUIRI STR LOW,1.2995789473684212,2.8484999999999996,2.8484999999999996,2.11,,0.7384999999999997,0.2592592592592592,3.42,-0.5715000000000003,,,,,,,
ALL INC LONG ISLAND ICE TEA,1.9560000000000002,3.8205,3.8205,2.83,,0.9904999999999999,0.25925925925925924,2.79,1.0709999999999997,,,,,,,
ALL INC PINA COLADA,1.6599071428571426,3.8609999999999998,3.8609999999999998,2.86,,1.001,0.25925925925925924,3.3,-0.45150000000000023,,,,,,,
ALL INC PORNSTAR MARTINI LOW,1.2665932330827068,2.8484999999999996,2.8484999999999996,2.11,,0.7384999999999997,0.2592592592592592,2.76,0.2909999999999999,,,,,,,
ALL INC SALTED CARAMEL MARTINI LOW,1.2851515789473684,3.0509999999999997,3.0509999999999997,2.26,,0.7909999999999999,0.25925925925925924,3.3,0.0884999999999998,,,,,,,
ALL INC SEX ON THE BEACH,1.485265864661654,3.3884999999999996,3.3884999999999996,2.51,4.95,0.8784999999999998,0.25925925925925924,2.74,0.5404999999999998,,,,,,,
APPLE MARTINI,1.5183571428571427,3.2805,3.2805,2.43,5.95,0.8504999999999998,0.2592592592592592,3.83,0.42249999999999943,,,,,,,
BITTER SWEET AROMA,2.1494500000000003,4.2524999999999995,4.2524999999999995,3.15,5.95,1.1024999999999996,0.2592592592592592,2.5,1.5499999999999998,,,,,,,
BLOOD ORANGE HIGH,1.8171857142857144,4.05,4.05,3.0,4.95,1.0499999999999998,0.25925925925925924,3.35,0.011500000000000288,,,,,,,
BLOOD ORANGE MEDIUM,1.4868714285714284,3.3615000000000004,3.3615000000000004,2.49,4.95,0.8715000000000003,0.2592592592592593,3.51,-0.02699999999999969,,,,,,,
BUBBLEGUM,1.3879142857142859,3.483,3.483,2.58,5.95,0.903,0.25925925925925924,3.69,-0.18000000000000016,,,,,,,
COSMOPOLITAN,1.5207785714285713,3.51,3.51,2.6,,0.9099999999999997,0.2592592592592592,2.92,0.8464999999999998,,,,,,,
DAIQUIRI LEMON CABCLUB,2.0251428571428574,3.7664999999999997,3.7664999999999997,2.79,6.95,0.9764999999999997,0.2592592592592592,3.99,0.01949999999999985,,,,,,,
DAIQUIRI MANGO HIGH,2.1735357142857143,4.0095,4.0095,2.97,5.95,1.0394999999999999,0.25925925925925924,3.9,-0.4979999999999998,,,,,,,
DAIQUIRI MANGO LOW,1.740107142857143,3.402,3.402,2.52,6.95,0.8820000000000002,0.2592592592592593,3.4,0.5015000000000005,,,,,,,
DAIQUIRI PASSION HIGH,2.1275357142857145,3.9015000000000004,3.9015000000000004,2.89,5.95,1.0115000000000003,0.2592592592592593,2.7,0.6615000000000002,,,,,,,
DAIQUIRI PASSION LOW,1.694107142857143,3.3615000000000004,3.3615000000000004,2.49,6.95,0.8715000000000003,0.2592592592592593,3.93,-0.028499999999999748,,,,,,,
DAIQUIRI STRAWBERRY HIGH,2.1275357142857145,3.9015000000000004,3.9015000000000004,2.89,,1.0115000000000003,0.2592592592592593,3.48,-0.14549999999999974,,,,,,,
DAIQUIRI STRAWBERRY LOW,1.694107142857143,3.3345000000000002,3.3345000000000002,2.47,5.95,0.8645,0.25925925925925924,3.35,1.4424999999999994,,,,,,,
DARK FOREST,2.5483571428571428,4.7924999999999995,4.7924999999999995,3.55,4.95,1.2424999999999997,0.25925925925925924,2.73,0.28049999999999997,,,,,,,
ESPRESSO MARTINI,1.3560999999999999,3.0105,3.0105,2.23,,0.7805,0.25925925925925924,2.99,1.6675000000000004,,,,,,,
GOLDEN SHOWER,2.5423285714285715,4.657500000000001,4.657500000000001,3.45,5.95,1.2075000000000005,0.2592592592592593,2.84,1.3450000000000006,,,,,,,
JAPAN ICE TEA,2.6131428571428574,4.1850000000000005,4.1850000000000005,3.1,6.95,1.0850000000000004,0.2592592592592593,3.79,0.665,,,,,,,
LONG ISLAND ICE TEA,2.4305714285714286,4.455,4.455,3.3,6.95,1.1550000000000002,0.2592592592592593,2.99,1.654,,,,,,,
MARGARITA PERFECT,2.635857142857143,4.644,4.644,3.44,,1.2040000000000002,0.2592592592592593,2.85,1.6995,,,,,,,
MARGARITA STRAWBERRY,2.2631785714285715,4.5495,4.5495,3.37,5.95,1.1795,0.25925925925925924,3.2,0.391,,,,,,,
NEGRONI,1.8928857142857143,3.591,3.591,2.66,6.95,0.931,0.25925925925925924,3.1,1.7870000000000004,,,,,,,
ORIGINAL MAI TAI,2.5969285714285717,4.8870000000000005,4.8870000000000005,3.62,6.95,1.2670000000000003,0.2592592592592593,2.9,1.7575000000000007,,,,,,,
PALOMA,2.2145035714285717,4.657500000000001,4.657500000000001,3.45,6.95,1.2075000000000005,0.2592592592592593,3.1,1.4359999999999995,,,,,,,
PINA COLADA MEDIUM,2.130842857142857,4.536,4.536,3.36,,1.176,0.25925925925925924,2.95,1.0999999999999996,,,,,,,
PORNSTAR MARTINI HIGH,1.881578571428571,4.05,4.05,3.0,6.95,1.0499999999999998,0.25925925925925924,2.4,0.7185000000000001,,,,,,,
PORNSTAR MARTINI LOW,1.4839642857142856,3.1185,3.1185,2.31,,0.8085,0.25925925925925924,4.64,0.274,,,,,,,
 NEGRONI LEGACY,2.599857142857143,4.914,4.914,3.64,6.95,1.2739999999999996,0.2592592592592592,4.86,-0.5129999999999999,,,,,,,
PUMPKIN ON FIRE,2.3209428571428576,4.347,4.347,3.22,,1.1270000000000002,0.2592592592592593,,,,,,,,,
SALTED CARAMEL MARTINI HIGH,2.1861857142857146,4.05,4.05,3.0,,1.0499999999999998,0.25925925925925924,,,,,,,,,
SALTED CARAMEL MARTINI LOW,1.670157142857143,3.375,3.375,2.5,5.95,0.875,0.25925925925925924,,,,,,,,,
SECRET SIN,2.0901857142857145,3.7395,3.7395,2.77,6.95,0.9694999999999999,0.25925925925925924,,,,,,,,,
SEX ON THE BEACH,1.621662857142857,3.5504999999999995,3.5504999999999995,2.63,5.95,0.9204999999999997,0.2592592592592592,,,,,,,,,
SPICY MANGO MARGARITA,2.632285714285715,4.657500000000001,4.657500000000001,3.45,,1.2075000000000005,0.2592592592592593,,,,,,,,,
SPICY PARADISE HIGH,1.920742857142857,3.6585,3.6585,2.71,,0.9485000000000001,0.2592592592592593,,,,,,,,,
STRAWBERRY BALSAM,1.5033714285714286,3.4964999999999997,3.4964999999999997,2.59,,0.9064999999999999,0.25925925925925924,,,,,,,,,
SUN MASTIC,1.1241999999999999,3.3075,3.3075,2.45,4.95,0.8574999999999999,0.25925925925925924,,,,,,,,,
SUN METAXA ,1.4117857142857144,3.5774999999999997,3.5774999999999997,2.65,4.95,0.9274999999999999,0.25925925925925924,,,,,,,,,
SUN OUZO,0.8414985714285714,3.1049999999999995,3.1049999999999995,2.3,4.95,0.8049999999999997,0.2592592592592592,,,,,,,,,
SUN RAKI,1.4273714285714285,3.4154999999999998,3.4154999999999998,2.53,,0.8854999999999998,0.25925925925925924,,,,,,,,,
SUN-TSIPOURO 1,1.4527071428571432,3.51,3.51,2.6,4.95,0.9099999999999997,0.2592592592592592,,,,,,,,,
TOMMY'S MARGARITA,2.3955714285714285,4.3875,4.3875,3.25,7.95,1.1375000000000002,0.2592592592592593,,,,,,,,,
VIOLETTA MEDIUM,1.6219857142857141,2.727,2.727,2.02,7.95,0.7069999999999997,0.2592592592592592,,,,,,,,,
YUNKAI LEGACY,2.9411500000000004,5.805,5.805,4.3,7.95,1.505,0.25925925925925924,,,,,,,,,
ZOMBIE,2.8972142857142864,6.075,6.075,4.5,,1.5750000000000004,0.2592592592592593,,,,,,,,,
0,,0.0,0.0,,,,,,,,,,,,,
0,,0.0,0.0,,,,,,,,,,,,,
0,,0.0,0.0,,,,,,,,,,,,,
0,,0.0,0.0,,,,,,,,,,,,,
0,,0.0,0.0,,,,,,,,,,,,,
0,,0.0,0.0,,,,,,,,,,,,,
0,,0.0,0.0,,,,,,,,,,,,,
0,,0.0,0.0,,,,,,,,,,,,,
0,,0.0,0.0,,,,,,,,,,,,,
0,,0.0,0.0,,,,,,,,,,,,,
0,,0.0,0.0,,,,,,,,,,,,,
0,,0.0,0.0,,,,,,,,,,,,,
0,,0.0,0.0,,,,,,,,,,,,,
0,,0.0,0.0,,,,,,,,,,,,,
0,,0.0,0.0,,,,,,,,,,,,,
0,,0.0,0.0,,,,,,,,,,,,,
0,,0.0,0.0,,,,,,,,,,,,,
0,,0.0,0.0,,,,,,,,,,,,,
0,,0.0,0.0,,,,,,,,,,,,,
0,,0.0,0.0,,,,,,,,,,,,,
0,,0.0,0.0,,,,,,,,,,,,,
0,,0.0,0.0,,,,,,,,,,,,,
0,,0.0,0.0,,,,,,,,,,,,,
0,,0.0,0.0,,,,,,,,,,,,,
0,,0.0,0.0,,,,,,,,,,,,,
0,,0.0,0.0,,,,,,,,,,,,,
0,,0.0,0.0,,,,,,,,,,,,,
0,,0.0,0.0,,,,,,,,,,,,,
0,,0.0,0.0,,,,,,,,,,,,,
0,,0.0,0.0,,,,,,,,,,,,,
0,,0.0,0.0,,,,,,,,,,,,,
0,,0.0,0.0,,,,,,,,,,,,,
0,,0.0,0.0,,,,,,,,,,,,,
0,,0.0,0.0,,,,,,,,,,,,,
0,,0.0,0.0,,,,,,,,,,,,,
0,,0.0,0.0,,,,,,,,,,,,,
0,,0.0,0.0,,,,,,,,,,,,,
0,,0.0,0.0,,,,,,,,,,,,,
0,,0.0,0.0,,,,,,,,,,,,,
0,,0.0,0.0,,,,,,,,,,,,,
0,,0.0,0.0,,,,,,,,,,,,,
0,,0.0,0.0,,,,,,,,,,,,,
0,,0.0,0.0,,,,,,,,,,,,,
